S1,S2,S3,I1,I2,
0.08381838367595414,0.45100865717684707,0.4651729591471988,13.813545754712447,13.530259715305412,
0.04905869357400474,0.5761882977793246,0.3747530086466707,13.25694315072666,17.285648933379736,
0.0403042924300296,0.4951730283453171,0.46452267922465323,14.242183867946236,14.855190850359513,
0.004539302398651381,0.47572925603847654,0.5197314415628721,15.151921391642208,14.271877681154296,
0.0423445032912731,0.49134850258014356,0.46630699412858334,14.239624908373102,14.740455077404308,
0.030520904864801253,0.4733063772313197,0.49617271790387907,14.65651813039078,14.19919131693959,
0.06945316365411087,0.5275658979879566,0.4029809383579326,13.335277747038218,15.826976939638698,
0.12117092328400565,0.49417033119508347,0.3846587455209108,12.63487822236905,14.825109935852504,
0.023500140954654372,0.6024990046995923,0.3740008543457534,13.50500713391099,18.07497014098777,
0.012502890948615002,0.5500688533474714,0.43742825570391364,14.249253647552987,16.50206560042414,
0.0007795700785486089,0.5054931258012808,0.4937273041201705,14.92947734041622,15.164793774038424,
0.009266274635871494,0.5641098091102789,0.4266239162538497,14.173576416179783,16.923294273308365,
0.028938372146435545,0.49607516294710025,0.4749864649064642,14.460480927600287,14.882254888413007,
0.002375046150146232,0.4632674535844322,0.5343575002654216,15.319824541152755,13.898023607532966,
0.025616605868065377,0.5519900620083572,0.42239333212357744,13.967767262555121,16.559701860250716,
0.025300611906007648,0.5599896371997481,0.4147097508942442,13.894091389882366,16.799689115992443,
0.01565597216348726,0.47311468130270934,0.5112293465338035,14.955733743703163,14.19344043908128,
0.01613082228796448,0.4963231632502318,0.48754601446180373,14.714151921738392,14.889694897506955,
0.03438885382545326,0.4816053581057342,0.48400578806881267,14.496169342433596,14.448160743172025,
0.011159002577387092,0.5127273055002959,0.4761136919223171,14.649546893449301,15.381819165008876,
0.0007735015822659326,0.5686862735390736,0.4305402248786604,14.297667232963944,17.06058820617221,
0.03605695269559883,0.5443102907241095,0.41963275658029153,13.835758038846926,16.329308721723287,
0.08710152850365722,0.4810168729490131,0.43188159854732966,13.447800700436723,14.430506188470392,
0.018218893740774688,0.44793121910295647,0.5338498871562689,15.156309934154944,13.437936573088693,
0.018437031957082975,0.5850675999107423,0.3964953681321746,13.780583361750915,17.55202799732227,
0.017483706780398633,0.5451047892066656,0.43741150401293577,14.19927797232537,16.35314367619997,
0.02789974202458588,0.47799073036219836,0.4941095276132157,14.662097855886298,14.33972191086595,
0.0880211539329234,0.4912616951933365,0.4207171508737401,13.326959969408168,14.737850855800096,
0.02638798793046478,0.567228502963984,0.40638350910555116,13.799955211750863,17.01685508891952,
0.025748457620070945,0.47360797204533617,0.5006435703345927,14.748951127145215,14.208239161360085,
0.03199968680982442,0.5197134466243133,0.44828686656586236,14.16287179756038,15.5914033987294,
0.07166390616138783,0.4696473655431728,0.4586887282954394,13.870248221340518,14.089420966295185,
0.03628512927657231,0.5226497999895816,0.4410650707338462,14.04779941457274,15.679493999687448,
0.01872324095388607,0.5511826593426482,0.43009409970346557,14.113708587495793,16.535479780279445,
0.03509678628153426,0.5096351260472523,0.4552680876712134,14.201713013896791,15.289053781417568,
0.04078983532989313,0.5256799555790598,0.43353020909104706,13.927403737611538,15.770398667371794,
0.004457854155034174,0.4983905470550936,0.4971515987898723,14.926937446348383,14.951716411652809,
0.03430312048028808,0.5114921817868121,0.4542046977328999,14.199015772526119,15.344765453604364,
0.027236134748094304,0.5354900460588585,0.43727381919304736,14.100376844449531,16.064701381765754,
0.054805277585076445,0.5418988426416174,0.4032958797733061,13.484906021882296,16.256965279248522,
0.0413257187957644,0.5068358223669246,0.4518384588373109,14.105127400415462,15.205074671007738,
0.05749356101814083,0.4934553527409018,0.4490510862409574,13.915575252228166,14.803660582227053,
0.0033526056562095748,0.5103653518603616,0.4862820424834289,14.829294368272194,15.310960555810848,
0.002604161910952502,0.5805460852510264,0.41684975283802117,14.142455909270687,17.416382557530792,
0.005426937345563084,0.5255267861764836,0.4690462764779533,14.6361933913239,15.76580358529451,
0.08449183611602518,0.48753115977322653,0.4279770041107483,13.434851679947231,14.625934793196796,
0.038634229922814296,0.6085968354545697,0.352768934622616,13.141347046998018,18.25790506363709,
0.015198293268988966,0.45410693268034763,0.5306947740506635,15.154964807816746,13.62320798041043,
0.05366296956269245,0.4640220983684805,0.48231493206882714,14.286519625061349,13.920662951054416,
0.08975889796320409,0.4256254984201121,0.4846156036166838,13.948567056534797,12.768764952603362,
0.07520919566225842,0.49317493903662507,0.43161586530111656,13.564066696388583,14.795248171098752,
0.04386948047605114,0.4748484926739473,0.48128202685000143,14.374125463739503,14.245454780218418,
0.041236585848791814,0.46183607489717604,0.4969273392540321,14.556907534052403,13.85508224691528,
0.03096596512163487,0.44185697837414284,0.5271770565042223,14.962110913825875,13.255709351224285,
0.08004773470127458,0.4743807817367921,0.44557148356193327,13.655237488606586,14.231423452103764,
0.05387635510158601,0.44488504515959293,0.5012385997388209,14.473622446372348,13.346551354787788,
0.11678838920637033,0.46958044894227735,0.41363116185135235,12.96842772644982,14.08741346826832,
0.047944867301649104,0.4595104080021178,0.49254472469623306,14.44599857394584,13.785312240063533,
0.013459771546965274,0.4889916552895606,0.49754857316347406,14.840888016165087,14.669749658686818,
0.0581545180399854,0.4730810883168556,0.468764393643159,14.106098756031738,14.192432649505667,
0.07894873044568165,0.5409334481982707,0.3801178213560476,13.01169090910366,16.228003445948122,
0.017209509873190615,0.4624870366309268,0.5203034534958826,15.03093943622692,13.874611098927803,
0.06529936029082922,0.517382714281808,0.4173179254273628,13.520185651365336,15.52148142845424,
0.058884226789297195,0.5082954573737571,0.43282031583694586,13.739360890476487,15.248863721212714,
0.06126601213991291,0.5005866675944541,0.438147320265633,13.768813081257203,15.017600027833623,
0.04104942883492534,0.482885267399369,0.4760653037657056,14.350158749307802,14.48655802198107,
0.0663752700407229,0.47646591916312436,0.45715881079615267,13.907835407554298,14.29397757489373,
0.0614416862074744,0.4855025557153186,0.453055758077207,13.916140718697328,14.565076671459558,
0.07953317460401134,0.5229904907929778,0.39747633460301074,13.179431599989993,15.689714723789333,
0.06550631849573388,0.46921072514005185,0.4652829563642143,13.997766378684805,14.076321754201556,
0.08548106382614397,0.5075437753057535,0.40697516086810265,13.214940970419587,15.226313259172603,
0.011951974461683773,0.4425569690346602,0.5454910565036561,15.335390820419725,13.276709071039805,
0.021464053718182302,0.435216236523271,0.5433197097585467,15.218556560403643,13.056487095698131,
0.088348135418626,0.4669100895944809,0.44474177498689327,13.563936395682674,14.007302687834427,
0.07691537675686494,0.49032706966499856,0.43275755357813656,13.558421768212717,14.709812089949956,
0.0749291297110392,0.5285261887094288,0.39654468157953193,13.216155518684927,15.855785661282864,
0.027584577546132295,0.4916753120655753,0.48074011038829234,14.5315553284216,14.75025936196726,
0.032140885403843286,0.5187524792721426,0.44910663532401407,14.169657499201708,15.562574378164278,
0.023749766966391483,0.5389042563890826,0.43734597664452607,14.135962096781347,16.167127691672476,
0.013584018406419839,0.47968367873661394,0.5067323028569664,14.931482844505467,14.390510362098418,
0.03341609471901816,0.48351222337540695,0.4830716819055748,14.496555871865567,14.505366701262208,
0.08772831749109343,0.4664707570153418,0.44580092549356487,13.580726080024714,13.994122710460253,
0.008943072738581801,0.5223010453576196,0.4687558819037986,14.598128091652168,15.669031360728587,
0.05142113025814636,0.45676080080074233,0.49181806894111146,14.403969386829651,13.70282402402227,
0.00517668181527772,0.5649291194675179,0.4298941987172046,14.24717516901927,16.947873584025537,
0.05100434070614192,0.4892244052110913,0.45977125408276676,14.087669133766248,14.676732156332738,
0.03675987205966619,0.4963430178050952,0.46689711013523866,14.301372380755726,14.890290534152856,
2.6490398512272376e-06,0.5435305781556976,0.45646677280445114,14.564641237646,16.305917344670927,
0.02945472942308201,0.5383277224417223,0.43221754813519553,14.027628187121135,16.14983167325167,
0.011351491503126055,0.46315865757757807,0.5254898509192957,15.141383594161695,13.894759727327342,
0.026966144778755537,0.4980099278284052,0.47502392739283933,14.480577826140838,14.940297834852156,
0.008412210947448776,0.5522642205205306,0.43932356853202065,14.30911357584572,16.567926615615917,
0.011012443242847478,0.5606541337868426,0.4283334229703099,14.173209797274623,16.819624013605278,
0.0056921347595786575,0.5058638043869309,0.4884440608534904,14.827519260939116,15.175914131607927,
0.0771176350101957,0.4446199549158593,0.47826241007394504,14.011447750637494,13.338598647475779,
0.008312339419101039,0.48241108072353095,0.509276579857368,15.00964240438267,14.472332421705929,
0.0804713323654587,0.5112392101531286,0.40828945748141277,13.278181251159541,15.337176304593857,
0.0725343798513359,0.511355180487907,0.41611043966075717,13.435760598094213,15.340655414637208,
0.04221430456436902,0.47859945679692895,0.479186238638702,14.36971934074333,14.357983703907868,
0.06368295891575383,0.5651446728321013,0.37117236825214484,13.074894093363909,16.95434018496304,
0.09016848435030807,0.4576113742113937,0.4522201414382984,13.620516570879904,13.728341226341811,
0.033479453967944495,0.5328156539307547,0.4337048921013008,14.002254381333564,15.984469617922642,
0.04033419318783277,0.4853548218184233,0.47431098499374386,14.33976791805911,14.5606446545527,
0.007882620267301214,0.5007469875046909,0.4913703922280079,14.834877719607068,15.022409625140728,
0.036933083363663355,0.5255530543073091,0.4375138623290274,14.005807789653641,15.766591629219274,
0.01320276368954831,0.5104062441375268,0.47639099217292485,14.631882284833765,15.312187324125803,
0.02788405275912525,0.5949546166045088,0.377161330636366,13.492772778772407,17.848638498135262,
0.10592634532179752,0.5163707350410592,0.3777029196371433,12.717765743153459,15.491122051231777,
0.08524190672759219,0.5215174679771485,0.39324062529525916,13.079987185676668,15.645524039314454,
0.01309535277008577,0.5926302465056802,0.3942744007242341,13.811790479541482,17.778907395170407,
0.09703773056962611,0.47657376859121886,0.42638850083915497,13.293507702695289,14.297213057736565,
0.044260964277038024,0.46806412259815955,0.4876749131248024,14.434139488477644,14.041923677944787,
0.02927006153606291,0.42966189630026863,0.5410680421636684,15.117979806276054,12.889856889008058,
0.08782265428090394,0.5009259134257179,0.4112514322933783,13.234287780124745,15.027777402771537,
0.03599160203571677,0.5822936954467478,0.38171470251753536,13.457231004818185,17.468810863402435,
0.05816420759096751,0.4992222224267594,0.44261356998227314,13.844493623913056,14.976666672802782,
0.08216729165669481,0.5419288789485146,0.3759038293947904,12.937365377380953,16.25786636845544,
0.043208062378339004,0.4261647145991958,0.5306272230224651,14.874191606441261,12.784941437975874,
0.03294950619768292,0.5419478717794546,0.42510262202286236,13.921531158251792,16.258436153383638,
0.004446688944355207,0.580725925828227,0.41482738522741786,14.103806962830628,17.42177777484681,
0.017605912391058565,0.549332984536687,0.43306110307225437,14.154551906811957,16.47998953610061,
0.06461236436875857,0.515267668564636,0.42011996706660554,13.55507602697847,15.45803005693908,
0.018260667939146116,0.5569438998599415,0.42479543220091237,14.065347642617663,16.708316995798246,
0.020029635998953167,0.5299242321380433,0.45004613186300346,14.300164958640503,15.897726964141299,
0.08364924299373541,0.5327912512274832,0.3835595057787814,12.99910262785046,15.983737536824496,
0.04120547441451865,0.5769499630397249,0.3818445625457563,13.406390881312376,17.308498891191746,
0.005056290678266732,0.5489085948687688,0.44603511445296457,14.409788237746978,16.467257846063063,
0.05408787180752933,0.4849562669352757,0.4609558612571949,14.068679894496654,14.54868800805827,
0.04551360424561811,0.4613681884506573,0.49311820730372463,14.476046030581065,13.84104565351972,
0.04539337850887533,0.5179607884092184,0.4366458330819062,13.912524545730307,15.538823652276553,
0.020173760660915675,0.5552426394742084,0.42458359986487576,14.0440983920396,16.65727918422625,
0.01403825155589375,0.45903578950235324,0.526925958941753,15.128877073858593,13.771073685070597,
0.06906571819282498,0.46532216103848106,0.465612120768694,13.965464025758692,13.959664831154432,
0.0785067641967304,0.5242931043751028,0.39720013142816674,13.186933672314364,15.728793131253084,
0.07356179429349911,0.5040652872734039,0.42237291843309693,13.488111241395979,15.121958618202118,
0.02559092908213317,0.4490712885174162,0.5253377824004507,14.997468533183175,13.472138655522485,
0.003804671541312024,0.43831067589151496,0.5578846525671731,15.540799810258612,13.14932027674545,
0.032074436247839636,0.4638401175407421,0.5040854462114183,14.720110099635786,13.915203526222264,
0.013249882788499855,0.4985668681320075,0.48818324907949273,14.74933366290993,14.957006043960225,
0.048923066071612106,0.5459534162433524,0.40512351768503546,13.562004516134234,16.378602487300572,
0.05272243219296234,0.4859091430414164,0.46136842476562123,14.086459925726588,14.577274291242492,
0.03600405318865438,0.6130743599742793,0.35092158683706626,13.149175336484118,18.39223079922838,
0.1478189030782749,0.5139510997005978,0.3382299972211273,11.904110941428524,15.418532991017935,
0.009001540543248244,0.5255693627217946,0.4654290967349572,14.56427556191709,15.767080881653836,
0.02148441270114142,0.6227767026552439,0.35573888464361475,13.342544719424733,18.683301079657316,
0.12922830418387304,0.4805205986696049,0.3902510971465221,12.610227929626491,14.415617960088147,
0.017499603083377925,0.5325822822630845,0.44991811465353765,14.3241851157016,15.977468467892534,
0.0491905089699468,0.5265410923688052,0.424268398661248,13.750778896913012,15.796232771064156,
0.031012056542895666,0.47481770061757594,0.4941702428395285,14.631581862966328,14.244531018527278,
0.000700055266111041,0.5247539539881836,0.47454599074570547,14.738459354795946,15.742618619645508,
0.052083630254235735,0.5648790663414174,0.38303730340434705,13.309536731501115,16.946371990242522,
0.11616252351609711,0.4562219396278366,0.4276155368560664,13.114530133399693,13.686658188835098,
0.03346966778544222,0.5847066461647675,0.38182368604979017,13.483540182643479,17.541199384943027,
0.09535139469211362,0.49957026036632923,0.4050783449415572,13.097269502494438,14.987107810989876,
0.07936162256891352,0.42800844497695656,0.4926299324541298,14.132683098852162,12.840253349308696,
0.009901326648804373,0.5242612998163612,0.46583737353483456,14.559360468860303,15.727838994490835,
0.08800784924398539,0.49614662158109224,0.41584552917492223,13.278376799309367,14.884398647432768,
0.014525114701464028,0.5298930530155772,0.4555818322829588,14.410567175814947,15.896791590467316,
0.018182323769006314,0.5328310077715154,0.4489866684594784,14.30804344690472,15.98493023314546,
0.023101142275413676,0.5220365698466622,0.454862287877924,14.317611456025102,15.661097095399867,
0.0598245202605929,0.4922211885507852,0.44795429118862196,13.881297709280291,14.766635656523556,
0.028726076187569696,0.43385752223956053,0.5374164015728699,15.086903253853002,13.015725667186816,
0.06650425770670834,0.5734564708567339,0.36003927143655784,12.935350137298496,17.203694125702018,
0.010504373442664435,0.49329612374304055,0.49619950281429503,14.856951293716307,14.798883712291216,
0.030470164896667165,0.46675984311782004,0.5027699919855126,14.722998270888453,14.002795293534602,
0.010341141070032764,0.6146155956156933,0.37504326331427373,13.647021222442408,18.438467868470802,
0.04706924191578085,0.5987147990139643,0.3542159590702548,13.07146717154474,17.96144397041893,
0.09718157949626656,0.5517615128090775,0.3510569076946561,12.538753281983897,16.552845384272324,
0.004418163627797155,0.41006181398984665,0.5855200223823562,15.811018587545592,12.301854419695399,
0.014761772265883434,0.5603753316032364,0.4248628961308802,14.101011238649967,16.811259948097092,
0.023757613761110453,0.5815743833616528,0.39466800287723663,13.709103891161261,17.447231500849583,
0.00255792380121888,0.5807843147480573,0.41665776145072375,14.140998376495048,17.42352944244172,
0.03951571831664908,0.4932290571141976,0.46725522456915325,14.277395062525041,14.79687171342593,
0.07591348986868131,0.5072898969508931,0.41679661318042543,13.40883123311744,15.218696908526793,
0.003025409445005536,0.4869712823667653,0.5100033081882291,15.069778987432235,14.609138471002959,
0.0025774148530309255,0.5548332443726745,0.4425893407742949,14.400119259212643,16.644997331180235,
0.019148777355028974,0.5229165967732454,0.4579346258717256,14.387858485166968,15.687497903197363,
0.027795924607612026,0.5357627373166558,0.4364413380757321,14.0864541346812,16.072882119499674,
0.06718715111087656,0.53481930287116,0.3979935460179634,13.308063949070867,16.0445790861348,
0.03482026831521516,0.5387321797473723,0.42644755193741263,13.916272836221975,16.16196539242117,
0.07763535941883155,0.4797487634368867,0.4426158771442817,13.649805177254501,14.392462903106601,
0.019253122672921563,0.5132752762301043,0.46747160109697417,14.482184784240527,15.398258286903129,
0.011818842944436442,0.47269881503264344,0.5154823420229201,15.036634990784837,14.180964450979303,
0.05324280885143353,0.4858437843688634,0.460913406779703,14.076705979282695,14.575313531065902,
0.003942276718027423,0.5846821921187005,0.4113755311632722,14.07433254445245,17.540465763561016,
0.07449717560059119,0.4896394935353842,0.43586333086402457,13.613661552634333,14.689184806061526,
0.020094278057618233,0.5837043478969617,0.3962013740454199,13.761070959878015,17.51113043690885,
0.031807788730745,0.4423296316848762,0.5258625795843788,14.940547908536338,13.269888950546287,
0.002203835836706401,0.5651351318697699,0.4326610322935238,14.304571964568176,16.954053956093098,
0.004533618851733356,0.5705146082314351,0.42495177291683156,14.204181540650982,17.115438246943054,
0.0037263563758400506,0.5887604947062294,0.4075131489179306,14.037867925420905,17.662814841186883,
0.025631052378704413,0.5040901401805844,0.47027880744071116,14.446477550620067,15.122704205417532,
0.012218994189383738,0.5201231170828999,0.4676578887277164,14.554388945383327,15.603693512486998,
0.0055112442192471675,0.5589934937715715,0.43549526200918126,14.29984017789934,16.769804813147143,
0.009982430165666372,0.4898570166699238,0.5001605531644098,14.901781229987431,14.695710500097714,
0.05244994885151696,0.5028549161521119,0.4446951349963713,13.922451861448545,15.085647484563356,
0.08676311163553334,0.5076178116274601,0.4056190767370064,13.18855965101473,15.228534348823803,
0.018212704649298236,0.47383283754756167,0.5079544578031401,14.89741753153842,14.21498512642685,
0.023461674883054198,0.5179983016010418,0.45854002351590406,14.350783486328499,15.539949048031254,
0.006234532801004071,0.5168875321230648,0.4768779350759312,14.70643402274927,15.506625963691945,
0.006804751637822692,0.5701520980386923,0.423043150323485,14.162383986856621,17.10456294116077,
0.02706775010461882,0.46362952129746543,0.5093027285979157,14.822349784932968,13.908885638923962,
0.05903523095800522,0.5346821818507561,0.4062825871912386,13.472473562332333,16.040465455522682,
0.024023249143075284,0.5144649467717172,0.46151180408520753,14.374885549421322,15.433948403151515,
0.012110995889119918,0.5169965727216932,0.47089243138918696,14.58781435500067,15.509897181650796,
0.010051464517543091,0.540534942303336,0.4494135931791208,14.393621286615776,16.216048269100078,
0.04118582859086897,0.48822472140145284,0.4705894500076781,14.29403621416809,14.646741642043585,
0.029301312004698113,0.5433515747409151,0.4273471132543866,13.980458012496884,16.300547242227452,
0.0009060267040168887,0.4480636743253656,0.5510302989706174,15.501242722666003,13.441910229760968,
0.03446450930607164,0.4259431418046918,0.5395923488892365,15.051278395831648,12.778294254140754,
0.0650479518886597,0.4379245443163127,0.4970275037950277,14.319795519063682,13.137736329489382,
0.0622943921938551,0.5063493946503336,0.43135621315581124,13.69061820961956,15.190481839510007,
0.04975031426835672,0.47871155784829605,0.4715381278833472,14.217878136149903,14.361346735448882,
0.04613586091902719,0.5235573777513445,0.4303067613296285,13.841709004106013,15.706721332540335,
0.058505225193925564,0.4550695711980383,0.4864252036080362,14.279199784141108,13.65208713594115,
0.039401957941332486,0.448817217318316,0.5117808247403515,14.723788667990188,13.464516519549479,
0.005839951413698969,0.585664929708569,0.408495118877732,14.02655167464033,17.56994789125707,
0.006475149844157801,0.4589818401041,0.5345430100517422,15.280678602075845,13.769455203123,
0.019197820785889035,0.5544054224881811,0.4263967567259297,14.071989359400405,16.632162674645436,
0.06034542870927509,0.5767821414993889,0.36287242979133605,13.02527001082061,17.303464244981665,
0.07828824643594812,0.5316829626177948,0.3900287909462571,13.117405445103088,15.950488878533843,
0.07679855255993731,0.49220966297396107,0.43099178446610165,13.541932319061644,14.766289889218832,
0.008012287888157782,0.4982028037243786,0.49378490838746353,14.857726204993057,14.946084111731357,
0.01724219340982498,0.5293305765494876,0.4534272300406875,14.361850366308627,15.879917296484628,
0.07119983509261002,0.5189765732581755,0.4098235916492146,13.386237565566047,15.569297197745264,
0.05203080164935086,0.49557888576011916,0.45239031259053,14.00359510941179,14.867366572803574,
0.10724653134639836,0.4832957181908293,0.40945775046277244,13.022112191163743,14.498871545724878,
0.12741246950380497,0.44123288840155994,0.4313546420946351,13.039421725908301,13.236986652046799,
0.07927569608354612,0.47374444552602835,0.4469798583904255,13.677041623068792,14.21233336578085,
0.08083021637054442,0.587503539811813,0.33166624381764254,12.50836027447098,17.62510619435439,
0.08652453585024991,0.49077255236500145,0.42270291178474867,13.361783759344988,14.723176570950043,
0.08771257268090149,0.5044858216750158,0.4078016056440827,13.200890329631811,15.134574650250473,
0.012290838230195389,0.5927250453216946,0.39498411644811005,13.826932782179146,17.781751359650837,
0.00576331521712917,0.52994013642865,0.4642965483542208,14.585332331370918,15.898204092859501,
0.03896135234405072,0.47178770377997686,0.48925094387597245,14.502895915319217,14.153631113399307,
0.025152121739209467,0.55828897368561,0.41655890457518036,13.914067828359709,16.748669210568302,
0.02422489956690361,0.5717526386827664,0.4040224617503299,13.797975621834262,17.15257916048299,
0.0248995867054698,0.5190655178736461,0.4560348954208842,14.311353087154146,15.571965536209383,
0.04132283533747558,0.5344539090199822,0.42422325564254215,13.829004203050665,16.033617270599468,
0.00381676377856802,0.4876150933243858,0.5085681428970463,15.047513791184786,14.628452799731575,
0.00917947391694451,0.5467127296139404,0.44410779646911497,14.349283225521702,16.40138188841821,
0.08523204001404631,0.5105786196319423,0.4041893403540115,13.189573003399653,15.31735858895827,
0.042866027074467135,0.5497187975521503,0.40741517537338273,13.645491482989156,16.491563926564506,
0.03455409163399195,0.5053422092552674,0.46010369911074056,14.255496074767485,15.160266277658023,
0.018052728453286742,0.4770521169561083,0.5048951545906049,14.868424261373178,14.311563508683248,
0.004154473765008218,0.5160717421533264,0.4797737840816654,14.75619310316657,15.482152264599792,
0.02357838668354403,0.5105425669524247,0.46587904636403127,14.423006596804871,15.316277008572742,
0.014534608906275942,0.4440877131500369,0.5413776779436872,15.268430690374114,13.322631394501109,
0.04054343278016978,0.4685240014662525,0.49093256575357774,14.503891329734081,14.055720043987575,
0.01741509333983574,0.4676648806428397,0.5149200260173245,14.975049326774887,14.02994641928519,
0.0011109428807520028,0.594073848274786,0.404815208844462,14.0370426596371,17.822215448243583,
0.03229381766168299,0.5433815464972147,0.4243246358411022,13.92030818179419,16.30144639491644,
0.006025476093308397,0.4629266760393291,0.5310478478673626,15.250223717740543,13.887800281179873,
0.03745981593773251,0.48440853258836436,0.478131651473903,14.406718355361704,14.53225597765093,
0.0314911810580003,0.4748600181513518,0.4936488007906479,14.621576197326476,14.245800544540554,
0.00694887847378603,0.5583728897147013,0.43467823181151255,14.277293533377264,16.751186691441042,
0.03673550010515396,0.5053069335159985,0.45795756637884755,14.212220662736936,15.159208005479956,
0.016523186211408705,0.44855148768820147,0.5349253261003898,15.18402139888981,13.456544630646045,
0.07924112824734117,0.5517098339729635,0.3690490377796954,12.898079095323542,16.551295019188903,
0.07977028817363555,0.42709992668324803,0.49312978514311645,14.133594969694808,12.812997800497442,
0.1070810743063427,0.46282501283409266,0.4300939128595647,13.230128385532222,13.88475038502278,
0.0975812316266044,0.5372525072807751,0.3651662610926205,12.675850294660162,16.117575218423255,
0.04018187917631287,0.43048966354329193,0.5293284572803953,14.891465781040825,12.914689906298758,
0.00634647478214027,0.5930491595956568,0.4006043656222027,13.942578908400623,17.791474787869706,
0.10092718048762417,0.4299441983082735,0.4691286212041022,13.682014407164779,12.898325949248205,
0.09009251860141072,0.47720062383908224,0.43270685755950705,13.426143389580965,14.316018715172467,
0.10398890178263426,0.48207943772163553,0.41393166049573016,13.099427587130958,14.462383131649066,
0.05217802522677515,0.4770372400425109,0.47078473473071375,14.186067095039384,14.311117201275326,
0.07914612755530934,0.5011026006500259,0.4197512717946647,13.406051442393553,15.033078019500776,
0.05565665715640447,0.5451761272715611,0.39916721557203455,13.4351055841563,16.35528381814683,
0.027249846228741676,0.5221710804266165,0.4505790733446419,14.233292271159005,15.665132412798496,
0.007771182027526453,0.5574248068081534,0.43480401116432016,14.270328291367937,16.722744204244602,
0.0686927311711628,0.4787131844803662,0.4525940843484709,13.83901353177308,14.361395534410986,
0.10847303518803744,0.5427098190525891,0.3488171457593735,12.40344110571336,16.28129457157767,
0.057077245944661986,0.537841455379601,0.40508129867573694,13.480040527310749,16.13524366138803,
0.07772266086497007,0.4903577745381148,0.43191956459691516,13.54196903731945,14.710733236143444,
0.05368597269579891,0.46744826065088674,0.47886576665331454,14.251797939575159,14.023447819526602,
0.028108614373153304,0.4926854096236087,0.47920597600323817,14.510973616300852,14.78056228870826,
0.029447937752084756,0.49606879078600463,0.4744832714619105,14.450353337098257,14.882063723580139,
0.022930984113779664,0.5235120387213558,0.4535569771648646,14.30625993051085,15.705361161640672,
0.030586536251673336,0.536199472610614,0.43321399113771264,14.026274548860393,16.08598417831842,
0.03614581728192488,0.49191630282183624,0.471937879896239,14.357920626143141,14.757489084655088,
0.00980625243995408,0.5554543347367554,0.43473941282329054,14.249331603833365,16.663630042102664,
0.06192052540730818,0.494335545473704,0.44374392911898786,13.818234037116799,14.83006636421112,
0.0029400356449701915,0.5393285039353916,0.4577314604196383,14.547914247746682,16.179855118061745,
0.022944572982075907,0.46239598288840095,0.514659444129523,14.91714871147447,13.871879486652029,
0.009610102049393596,0.4972882428918708,0.49310165505873554,14.834915530093419,14.918647286756123,
0.011746103913996494,0.4818505819212167,0.5064033141647867,14.9465721025079,14.455517457636502,
0.027106380791349513,0.5504873294263635,0.42240628978228695,13.952999089909373,16.514619882790903,
0.028991249443551213,0.4913475140998583,0.4796612364565906,14.506699870130394,14.740425422995749,
0.014020656780138713,0.5149838138729602,0.47099552934690114,14.569748725667626,15.449514416188807,
0.020148854581959003,0.5260128912197606,0.45383825419828056,14.336893996163218,15.780386736592817,
0.02215752179440702,0.6251893732164013,0.3526531049891915,13.304955831947844,18.75568119649204,
0.12733168841489204,0.5147249703042335,0.3579433412808746,12.306116528659828,15.441749109127004,
0.10830481305584645,0.42767727150003304,0.46401791544412047,13.55713102388274,12.83031814500099,
0.02752377332264824,0.5619343681098296,0.41054185856752207,13.830180852448738,16.858031043294886,
0.040101803919550184,0.5166460566195797,0.44325213946087005,14.0315033554132,15.499381698587392,
0.04568023058905921,0.446684602034499,0.5076351673764418,14.619549367873825,13.40053806103497,
0.08771698920916782,0.5461822691091948,0.36610074168163736,12.783837524724696,16.38546807327584,
0.013128516266166795,0.4501270299219876,0.5367444538118457,15.23615937545679,13.503810897659628,
0.010843075353573962,0.4652138010686494,0.5239431235777766,15.131000482242026,13.956414032059483,
0.07340761135449869,0.5307094789774257,0.3958829096680756,13.224752983135769,15.921284369322771,
0.012104439955370942,0.4805747742430932,0.507320785801536,14.952163458461651,14.417243227292795,
0.02490242966803258,0.5943086382159708,0.3807889321159967,13.55886502447964,17.829259146479124,
0.12319702141972448,0.4862697021034246,0.390533276476851,12.673362550571266,14.588091063102738,
0.0721298234833641,0.4698720557365829,0.45799812078005286,13.858682972966886,14.096161672097487,
0.009827602992148481,0.547111796357462,0.44306060065038966,14.332329976582415,16.413353890723858,
0.023510548170550583,0.5054592542143138,0.47103019761513565,14.47519649444585,15.163777626429415,
0.07196507794367632,0.5478070854900926,0.38022783656623105,13.082627586225547,16.43421256470278,
0.002555822545723587,0.4263444133077513,0.5710997641465253,15.68543941600802,12.79033239923254,
0.03496996191315852,0.5386754222971666,0.42635461578967493,13.913846538765165,16.160262668914996,
0.050498517805830104,0.5021655943648573,0.44733588782931255,13.968373700234824,15.064967830945719,
0.014252098113358118,0.5509864071712927,0.43476149471534936,14.205093966019913,16.52959221513878,
0.04105967908365019,0.4611375323116478,0.4978027886047019,14.567431095210516,13.834125969349433,
0.031361662500416825,0.5158379032150897,0.45280043428449335,14.214387717840765,15.475137096452691,
0.044768986762138724,0.47121009680388715,0.4840209164339742,14.392519296718357,14.136302904116615,
0.010201974101985136,0.46782179778331606,0.5219762281146988,15.117742540127136,14.034653933499483,
0.019148916054948242,0.4677464371228644,0.5131046468221876,14.939557307672395,14.032393113685933,
0.025509055836040954,0.4626657710165883,0.5118251731473707,14.863161173113298,13.879973130497648,
0.01776454012943752,0.5435261542826887,0.43870930558787385,14.209447654584363,16.305784628480662,
0.015073896897560047,0.547183923924025,0.43774217917841496,14.226682822808549,16.41551771772075,
0.04336960678339916,0.5441149412842523,0.41251545193234845,13.691458451489492,16.32344823852757,
0.04218817006639701,0.4939975446428958,0.4638142852907072,14.216261152243101,14.819926339286875,
0.04546417400853418,0.47997039590399704,0.4745654300874689,14.291012560789348,14.39911187711991,
0.053242936408281705,0.47696096605028465,0.46979609754143364,14.165531611331518,14.30882898150854,
0.0208070462299583,0.4217412821365549,0.5574516716334867,15.366446254035285,12.652238464096646,
0.018159626885919967,0.6060650107220173,0.3757753623920626,13.576157355061426,18.18195032166052,
0.08256830728042001,0.5392400034368119,0.3781916892827682,12.956233820023483,16.177200103104358,
0.04471382113289958,0.41863318278937073,0.5366529960777299,14.919391749448305,12.558995483681121,
0.0853695039228119,0.4750727609339248,0.4395577351432634,13.541882312204518,14.252182828017744,
0.06874213409134673,0.4982169550129816,0.43304091089567176,13.642987768043252,14.946508650389447,
0.05043936159043662,0.47385272332699446,0.4757079150825689,14.252685534921323,14.215581699809833,
0.002175307770971908,0.5753461331522507,0.4224785590767775,14.203032513058057,17.26038399456752,
0.048380776027853796,0.457129318515958,0.4944899054561882,14.461091294283342,13.71387955547874,
0.04117479875597857,0.4374617049415372,0.5213634963024842,14.801886975465058,13.123851148246116,
0.0511575677512288,0.5601564504169271,0.38868598183184416,13.375284140806155,16.80469351250781,
0.05218465928108524,0.549868586201227,0.39794675451768785,13.457620952366028,16.496057586036812,
0.04879848511840076,0.4725476067306265,0.47865390815097264,14.298554230325717,14.176428201918796,
0.001334775516434638,0.5649009793901941,0.4337642450933712,14.324294695769366,16.947029381705825,
0.03377067024607429,0.520064296075414,0.4461650336785116,14.123943634324373,15.60192888226242,
0.1408703691354975,0.4853027956378583,0.37382683522664417,12.329564660911466,14.559083869135748,
0.08517865462045983,0.5912032291764187,0.3236181162031215,12.384394615826615,17.73609687529256,
0.054750967205987405,0.534750293073713,0.41049873972029954,13.557477725143121,16.04250879221139,
0.007994402067993884,0.45315072291595637,0.5388548750160498,15.308604729480559,13.594521687478691,
0.011444290263425987,0.4527586151347482,0.5357970946018258,15.243528043383996,13.582758454042446,
0.008155266022785376,0.5736043560678663,0.41824037790934826,14.100851118865629,17.20813068203599,
0.038447305140873175,0.4551593853206548,0.5063933095384721,14.67946004397599,13.654781559619645,
0.00613979832557928,0.586112012874363,0.40774818880005764,14.016083904744782,17.58336038623089,
0.09620142276617173,0.49965706212487937,0.4041415151089489,13.079400923427773,14.98971186374638,
0.028872849580173658,0.6380838443532479,0.33304330606657845,13.041704564864048,19.142515330597437,
0.012796972519951186,0.39423667261383066,0.5929663548662182,15.80169382346267,11.82710017841492,
0.047707190807272634,0.593032317853798,0.3592604913389295,13.11553300531657,17.79096953561394,
0.06034270776433571,0.5661519373076105,0.3735053549280538,13.131626471637182,16.984558119228314,
0.023221961034900165,0.4465598271270771,0.5302182118380228,15.069962508031226,13.396794813812313,
0.037871034859288714,0.6069468624344141,0.35518210270629713,13.173110678470085,18.208405873032422,
0.10645685787368453,0.45805767729266594,0.43548546483364964,13.290286069599652,13.741730318779979,
0.0405387403414903,0.4525235818182498,0.5069376778402599,14.663989374987697,13.575707454547494,
0.043599539990226414,0.5305577509184634,0.4258427090913102,13.822431691010838,15.9167325275539,
0.004440539248618829,0.5573472172738263,0.4382122434775549,14.337717042289361,16.72041651821479,
0.02113503126841835,0.5095727247235752,0.46929224400800656,14.481572127395884,15.287181741707256,
0.006220299926537377,0.5617564875916845,0.43202321248177805,14.258029125552406,16.852694627750534,
0.040841340825513474,0.485006142890168,0.4741525162843185,14.33311175458805,14.55018428670504,
0.04129925661009583,0.49798303400140487,0.46071770938849926,14.194184527784033,14.939491020042146,
0.017544000161630085,0.49451456303131514,0.48794143680705465,14.703974366454243,14.835436890939453,
0.033121354129571734,0.5067605588943916,0.46011808697603657,14.269967328464647,15.202816766831749,
0.05195385644180773,0.5637092958483342,0.384336847709858,13.323829912680502,16.911278875450027,
0.01682569397286457,0.5029558519859023,0.48021845404123303,14.633927600683684,15.08867555957707,
0.03608010421636347,0.5215544597021246,0.44236543608151196,14.062853318651484,15.646633791063737,
0.059394781539240736,0.49883208096234866,0.4417731374984107,13.8237835595917,14.964962428870459,
0.03853070364965438,0.5238893680735177,0.4375799282768279,13.990492246271735,15.716681042205531,
0.032308293994338884,0.4830812714563597,0.4846104345493015,14.523021405549628,14.49243814369079,
0.08091913253086432,0.5058932715013622,0.41318759596777344,13.322684634369091,15.176798145040866,
0.04501536499287189,0.4806059622198535,0.4743786727872744,14.293633077944024,14.418178866595605,
0.025076514527491687,0.5570351431993792,0.4178883422731292,13.928118277456377,16.711054295981377,
0.00969441008422604,0.4669427951335785,0.5233627947821955,15.136683846979693,14.008283854007356,
0.09554378789607865,0.49610421295421114,0.40835199914971015,13.128082112536314,14.883126388626334,
0.07157901856127735,0.4684504787199068,0.45997050271881584,13.883914841575386,14.053514361597204,
0.01945361826971284,0.48778670880024516,0.492759672930042,14.733060546603292,14.633601264007355,
0.04095956881565775,0.523980841862035,0.43505958932230726,13.941000205066494,15.719425255861049,
0.05078235601166217,0.5026727641211789,0.446544879867159,13.95762523855497,15.080182923635366,
0.029982851053474084,0.530554559670264,0.439462589276262,14.09479738222788,15.916636790107919,
0.016389476786586036,0.512500396615276,0.47111012659813795,14.547206498115518,15.37501189845828,
0.031031600823638286,0.5045369656360147,0.46443143354034705,14.333998327167087,15.136108969080441,
0.04425355622092212,0.5207947669375452,0.43495167684153263,13.906981206206105,15.623843008126357,
0.0470452457119866,0.46916173433859665,0.4837930199494167,14.367477742374302,14.0748520301579,
0.03640023223400693,0.46978756944389627,0.4938121983220967,14.574119660880898,14.093627083316887,
0.011506313630671394,0.4174229800293008,0.5710707063400278,15.595643927093564,12.522689400879024,
0.057967475715931034,0.5760927639142316,0.3659397603698373,13.079722846539061,17.282782917426946,
0.10620821432768207,0.530641595538337,0.36315019013398103,12.569419758062992,15.91924786615011,
0.006059358748118595,0.45265307155057527,0.5412875697013062,15.352282109531878,13.579592146517259,
0.0022658147119562653,0.5264115978611454,0.47132258742689825,14.690567727149418,15.792347935834364,
0.015579151489002638,0.5099681215285923,0.4744527269824052,14.588735754934026,15.299043645857768,
0.09833059762883481,0.4732270490611333,0.42844235331003183,13.301117556811969,14.196811471833998,
0.06512259935843925,0.6132083495332045,0.32166905110835614,12.565464517499167,18.396250485996134,
0.059059828499539085,0.5148328356073518,0.4261073358931089,13.670475073935696,15.444985068220555,
0.07320974210709756,0.5468193909452101,0.3799708669476923,13.067611248405946,16.404581728356305,
0.06680199996918976,0.6145028531958753,0.318695146834935,12.518931468657453,18.43508559587626,
0.10952023595332941,0.44248444504090956,0.44799531900576095,13.384750830524315,13.274533351227287,
0.029804725642434932,0.4313024204111423,0.5388928539464228,15.090881283039879,12.93907261233427,
0.07786534792832885,0.40951224415740545,0.5126224079142657,14.34757059985937,12.285367324722163,
0.06807052476369478,0.561425198631106,0.37050427660519936,13.024337518415047,16.84275595893318,
0.0413498026825712,0.5247562727834711,0.4338939245339576,13.925441218513864,15.742688183504134,
0.02167749929797124,0.5193917043704476,0.45893079633158124,14.3725329703361,15.581751131113426,
0.032835059818024155,0.4880953995199058,0.47906954066206997,14.462344808440456,14.642861985597175,
0.002537289293282222,0.5872099838080703,0.4102527268986474,14.077154376053652,17.616299514242108,
0.07602114312950708,0.4659963326866239,0.45798252418386903,13.819613810543618,13.979889980598717,
0.04225823878566921,0.46323509821044073,0.49450666300389,14.522484242182207,13.897052946313222,
0.07117055363410422,0.49679294193047674,0.432036504435419,13.608659508013147,14.903788257914302,
0.06809201924194402,0.5528257427667695,0.37908223799128643,13.109902187493423,16.584772283003087,
0.08355177838863768,0.4427067238865448,0.4737414977248175,13.901897193361798,13.281201716596344,
0.059598002968242365,0.4822439699142211,0.4581580271175365,13.985600241492943,14.467319097426632,
0.004615476409319448,0.5510313156907691,0.44435320789991145,14.39737731490592,16.530939470723073,
0.07440967730961977,0.48117272624416557,0.4444175964462146,13.700079191365948,14.435181787324968,
0.00430724005649159,0.5950841880082485,0.40060857193525984,13.96301331878768,17.852525640247453,
0.04104871733335974,0.5775335176651297,0.3814177650015105,13.403690476681508,17.326005529953893,
0.021669537829205505,0.5765028872148685,0.40182757495592597,13.801580371267205,17.295086616446056,
0.0011024307814654934,0.42291540028217106,0.5759821689363634,15.748797381548979,12.687462008465133,
0.02956880167301443,0.5583327468753001,0.41209845145168555,13.825296497786713,16.749982406259004,
0.016593477283289134,0.46534983241531463,0.5180566903013962,15.01463213018107,13.96049497245944,
0.06956310657965804,0.497726192114768,0.43271070130557393,13.631475947259158,14.93178576344304,
0.039439437450714335,0.5673832251218359,0.3931773374274496,13.537378999767352,17.02149675365508,
0.02557451386978368,0.4963413993481347,0.47808408678208164,14.525095729122981,14.890241980444042,
0.03863751691088846,0.5414319424431544,0.4199305406459572,13.812930237350688,16.242958273294633,
0.007135886603402277,0.49374485042568556,0.4991192629709123,14.9198337636751,14.812345512770566,
0.03273734660398934,0.5524322003492647,0.41483045304674604,13.820931064427569,16.57296601047794,
0.037747268742129095,0.505396612665814,0.4568561185920568,14.191088498499278,15.16189837997442,
0.04183882848797842,0.5309703524080805,0.4271908191039411,13.853519906159626,15.929110572242417,
0.027000651016439167,0.5228736697070102,0.4501256792765505,14.231250282601113,15.686210091210306,
0.07795747551130755,0.5432827608381494,0.3787597636505428,13.00802288139235,16.298482825144482,
0.052569360369910015,0.5724565420918194,0.37497409753827066,13.224047371683607,17.173696262754582,
0.017338103692747662,0.4334498165767693,0.549212079730483,15.318739760377353,13.003494497303079,
0.07130264583720541,0.4604354859715605,0.46826186819123417,13.969592223540287,13.813064579146815,
0.040181696947459655,0.49385761279306734,0.465960690259473,14.257789933120133,14.81572838379202,
0.02560053279896934,0.4692439049181245,0.5051555622829061,14.79555029483937,14.077317147543734,
0.038762305824535735,0.4817784098750623,0.47945928430040186,14.40696978475866,14.45335229625187,
0.041156863084312906,0.49666326358416696,0.4621798733315201,14.210230102472071,14.899897907525009,
0.05640273154176507,0.49841746698815365,0.44517980147008124,13.88777069928316,14.952524009644609,
0.11007925985550562,0.4565186038751637,0.4334021362693306,13.23322876413825,13.69555811625491,
0.11320617790091307,0.45932904765830723,0.4274647744407797,13.142585965398666,13.779871429749218,
0.026880159301774127,0.4162723540375483,0.5568474866606776,15.299673273589034,12.48817062112645,
0.040777329657709346,0.541878849237898,0.4173438211043927,13.765664914466834,16.25636547713694,
0.059194979729761434,0.5677349680709751,0.3730700521992634,13.138750724695019,17.032049042129252,
0.035232179329423595,0.5313047992462293,0.43346302142434706,13.982308420949234,15.939143977386879,
0.026029461901241047,0.5149864979221814,0.45898404017657746,14.329545782753364,15.449594937665443,
0.02713016109787304,0.5409230280642451,0.4319468108378818,14.048166497400086,16.227690841927352,
0.03912276097910858,0.5169240730527123,0.4439531659681793,14.04830404989071,15.507722191581369,
0.017138943017219976,0.4754883575439988,0.507372699438781,14.902337564215609,14.264650726319964,
0.014477224130385602,0.48922197992604394,0.4963007959435704,14.818235718131849,14.676659397781318,
0.043874898334528255,0.4854361653969598,0.4706889362685121,14.26814037933984,14.563084961908793,
0.0006227457965965242,0.552431690845362,0.44694556335804136,14.463228175614448,16.57295072536086,
0.033143150041801114,0.5073507280050035,0.45950612195319546,14.263629719113943,15.220521840150104,
0.03991904310041605,0.516268443325819,0.44381251357376506,14.038934704733492,15.48805329977457,
0.0006818872738300581,0.5446285608066951,0.4546895519194749,14.540076646456448,16.338856824200853,
0.08807264458688431,0.5195796060485891,0.3923477493645265,13.04275104777642,15.587388181457673,
0.03209596779105108,0.5347164853365598,0.43318754687238925,14.010915790813383,16.041494560096794,
0.06504737272358538,0.6068697137915882,0.32808291348482654,12.630355407612413,18.206091413747643,
0.023307193981028183,0.551871272277487,0.42482153374148485,14.015143397604566,16.55613816832461,
0.06015947278953886,0.5157135712924208,0.42412695591804045,13.639674831285017,15.471407138772623,
0.04907088420083117,0.49367619359500514,0.4572529222041635,14.08182038003332,14.810285807850153,
0.022448405716505422,0.5653653974645906,0.41218619681890395,13.897377911023984,16.960961923937717,
0.019549176952976043,0.6015336494120532,0.3789171736349706,13.593679966819945,18.046009482361598,
0.013144023204754222,0.5652468283275347,0.42160914846771097,14.084651252629566,16.95740484982604,
0.018770057360574067,0.4846733612638147,0.4965565813756112,14.777865240150371,14.540200837914442,
0.019326820678525418,0.5054002647950747,0.4752729145263998,14.559460938478743,15.162007943852242,
0.009090870505885564,0.5213478678051717,0.4695612616889427,14.604703911830573,15.640436034155151,
0.012664525186539596,0.5427058339050943,0.4446296409083662,14.319651157218267,16.28117501715283,
0.018594020778649977,0.4637152446492384,0.5176907345721116,14.990967137934614,13.911457339477153,
0.0018856378566160868,0.5744032143451507,0.4237111477982332,14.218255099416172,17.232096430354524,
0.01626558952685661,0.5457712167730938,0.43796319370004977,14.216976041731932,16.373136503192814,
0.02493850949963541,0.5202873305354292,0.4547741599649354,14.298356504653,15.608619916062876,
0.031237846181583203,0.520868565207555,0.4478935886108619,14.166557424292789,15.62605695622665,
0.03510271790355852,0.4447130770832816,0.5201842050131599,14.850814871096013,13.34139231249845,
0.08777928782446508,0.5036506677406112,0.4085700444349237,13.207907566104584,15.109520032218335,
0.008112603367192885,0.5787957348166577,0.4130916618161494,14.049790584489566,17.36387204449973,
0.05834173446652964,0.5165159557110034,0.425142309822467,13.668005753559374,15.495478671330101,
0.0010542448927312415,0.5076333252206452,0.49131242988662366,14.902581849938926,15.228999756619356,
0.05540334491976893,0.4621519744824097,0.4824446805978214,14.270413356780525,13.86455923447229,
0.04207222922937452,0.5040752270945519,0.4538525436760737,14.117803144466993,15.122256812836557,
0.01153162489324916,0.4917379475674457,0.49673042753930513,14.851988026460559,14.752138427023372,
0.062431816689944505,0.4864839514918712,0.45108423181818436,13.8865241512824,14.594518544756136,
0.01982394982019902,0.4679206097562156,0.5122554404235856,14.924314906033867,14.037618292686467,
0.015697836899002098,0.5071550961638979,0.4771470669371,14.614492300380979,15.214652884916935,
0.024776839539008,0.5278815701716452,0.44734159028934695,14.22564750750339,15.836447105149356,
0.04436508886203525,0.48703766903259416,0.46859724210537057,14.242321532433351,14.611130070977826,
0.03321426938799432,0.5024605310889799,0.4643251995230256,14.31110930135031,15.073815932669397,
0.08943083549232322,0.5533561519140808,0.35721301259359595,12.677821771012727,16.600684557422426,
0.024820154398947112,0.5464593086269915,0.4287205369740613,14.039003825751141,16.393779258809747,
0.020360202812575442,0.5504252446335901,0.42921455255383445,14.08854349741259,16.512757339007702,
0.03629794736037853,0.4996976694296603,0.4640043832099612,14.277064358495828,14.99093008288981,
0.006009558380606966,0.5127876986798129,0.48120274293958015,14.75193184558973,15.383630960394386,
0.003975022417034083,0.49057108990249787,0.5054538876804681,15.01478865263434,14.717132697074936,
0.0194425471966388,0.4975816892338045,0.48297576356955674,14.63533216372918,14.927450677014136,
0.036570444568686425,0.5186247487218404,0.44480480670947314,14.082343621407867,15.558742461655212,
0.005339133961709384,0.5170555678481614,0.47760529819012926,14.7226616422842,15.511667035444843,
0.048522472104853595,0.505978548382574,0.44549897951257267,13.969765074077191,15.179356451477219,
0.03915774372427302,0.5087846518020155,0.4520576044737115,14.128998607494385,15.263539554060465,
0.0010284820260201247,0.5809843200592251,0.41798719791475486,14.169587158887348,17.429529601776753,
0.0178818534132489,0.5112533207409682,0.470864825845783,14.52982972432534,15.337599622229046,
0.017077348919446456,0.5300002588605002,0.4529223922200535,14.358450433006071,15.900007765815005,
0.04276891722434481,0.5046281939395855,0.4526028888360697,14.098339716117248,15.138845818187564,
0.005391696419164411,0.4661056886078805,0.5285026149729553,15.23110918553791,13.983170658236414,
0.04403996397204228,0.49752016485183986,0.45843987117611784,14.143999072040755,14.925604945555197,
0.029863262534594814,0.4856699323380628,0.48446680512734225,14.546035425927473,14.570097970141886,
